-- phpMyAdmin SQL Dump
-- version 4.9.7
-- https://www.phpmyadmin.net/
--
-- Хост: localhost:3306
-- Час створення: Трв 25 2022 р., 22:28
-- Версія сервера: 5.7.37
-- Версія PHP: 7.4.27

SET SQL_MODE = "NO_AUTO_VALUE_ON_ZERO";
SET AUTOCOMMIT = 0;
START TRANSACTION;
SET time_zone = "+00:00";


/*!40101 SET @OLD_CHARACTER_SET_CLIENT=@@CHARACTER_SET_CLIENT */;
/*!40101 SET @OLD_CHARACTER_SET_RESULTS=@@CHARACTER_SET_RESULTS */;
/*!40101 SET @OLD_COLLATION_CONNECTION=@@COLLATION_CONNECTION */;
/*!40101 SET NAMES utf8mb4 */;

--
-- База даних: `jnylmamd_chirva`
--

-- --------------------------------------------------------

--
-- Структура таблиці `helper_operations`
--

CREATE TABLE `helper_operations` (
  `id` int(3) NOT NULL,
  `name` varchar(255) NOT NULL,
  `product` int(7) NOT NULL,
  `price` int(7) NOT NULL,
  `notes` text NOT NULL
) ENGINE=InnoDB DEFAULT CHARSET=utf8 COMMENT='справочник "Операции"';

--
-- Дамп даних таблиці `helper_operations`
--

INSERT INTO `helper_operations` (`id`, `name`, `product`, `price`, `notes`) VALUES
(1, 'Дублирование спинки', 1, 450, 'Дублирование спинки'),
(2, 'Дублирование полочки', 1, 450, 'Дублирование полочки'),
(3, 'Настрачивание липучки на полочку', 1, 2000, 'Настрачивание липучки на полочку'),
(4, 'Ушко обтачивание', 1, 300, 'Обтачивание ушка'),
(5, 'Ушко выворачивание', 1, 400, 'Выворачивание ушка'),
(6, 'Ушко отделка', 1, 400, 'Отделка ушка'),
(7, 'Настрачивание ременной ленты на полочку', 1, 2000, 'Настрачивание ременной ленты на полочку'),
(8, 'Ушко настрачивание липучки', 1, 800, 'Настрачивание липучки на ушко'),
(9, 'Лямки с липучкой заготовка', 1, 800, 'Заготовка лямок с липучкой'),
(10, 'Вкладыш обтачивание спинки ', 1, 400, 'Обтачивание вкладыша спинки'),
(11, 'Вкладыш обтачивание полочки ', 1, 400, 'Обтачивание вкладыша полочки'),
(12, 'Вкладыш выворачивание', 1, 250, 'Выворачивание вкладыша'),
(13, 'Вкладыш наполнение', 1, 300, 'Наполнение вкладыша'),
(14, ' Вкладыш застрачивание', 1, 350, 'Застрачивание вкладыша'),
(15, 'Заготовка обтачки спинки', 1, 800, 'Заготовка обтачки спинки'),
(16, 'Заготовка обтачки полочки', 1, 800, 'Заготовка обтачки полочки'),
(17, 'Карман под плиту спинки', 1, 900, 'Карман под плиту спинки'),
(18, 'Карман под плиту полочки', 1, 900, 'Карман под плиту полочки'),
(19, 'Сборка жилета', 1, 6000, 'Сборка жилета'),
(20, 'Раскрой основы', 1, 3500, 'Раскрой основы'),
(21, 'Раскрой подкладки', 1, 292, 'Раскрой подкладки'),
(22, ' Вкладыш вставка', 1, 400, 'Вставка вкладыша'),
(23, 'Заготовка деталей разгрузки', 2, 7000, ''),
(24, 'Сборка разгрузки', 2, 9500, 'Сборка'),
(25, 'Пришивание пуговиц', 2, 3500, 'Пришивание пуговиц'),
(31, 'Лазерный крой разгрузки', 2, 3200, ''),
(32, 'Переделка броника', 1, 2000, ''),
(33, 'Нарезка ж. липучки(50мм) 22см', 1, 40, ''),
(34, 'Нарезка м. липучки(50мм)-40см', 1, 40, ''),
(35, 'Нарезка ж.липучки(25мм)-10см', 1, 30, ''),
(36, 'Нарезка м.липучки (25мм)-4см', 1, 20, ''),
(37, 'Нарезка рем.ленты (50мм) - 23см', 1, 45, ''),
(38, 'ВЫХОДНОЙ', 1, 0, ''),
(39, 'Настрачивание MOLLE на спину бронежилета', 1, 2500, ''),
(40, 'Настрачивание MOLLE на ушки', 1, 2400, ''),
(41, 'Раскрой подсумка для гранаты', 4, 500, ''),
(42, 'Пошив подсумка для гранаты', 4, 3500, ''),
(43, 'Раскрой подсумка 1-2 рожка', 6, 800, ''),
(44, 'Пошив подсумка 1-2 рожка', 6, 4000, ''),
(45, 'Пошив подсумка 2-4 рожка', 7, 5000, ''),
(46, 'Раскрой подсумка 2-4 рожка', 7, 800, ''),
(47, 'Раскрой плитоноски', 18, 2500, ''),
(48, 'Пошив плитоноски', 18, 24500, '');

-- --------------------------------------------------------

--
-- Структура таблиці `helper_products`
--

CREATE TABLE `helper_products` (
  `id` int(7) NOT NULL,
  `name` varchar(255) NOT NULL,
  `price` int(7) NOT NULL,
  `notes` text NOT NULL,
  `created` timestamp NOT NULL DEFAULT CURRENT_TIMESTAMP,
  `modified` timestamp NOT NULL DEFAULT CURRENT_TIMESTAMP ON UPDATE CURRENT_TIMESTAMP
) ENGINE=InnoDB DEFAULT CHARSET=utf8;

--
-- Дамп даних таблиці `helper_products`
--

INSERT INTO `helper_products` (`id`, `name`, `price`, `notes`, `created`, `modified`) VALUES
(1, 'Бронежилет', 100000, 'Бронежилет', '2022-04-10 21:43:59', '0000-00-00 00:00:00'),
(2, 'Разгрузка', 3500, 'Разгрузка', '2022-04-11 20:24:41', '2022-04-11 20:24:41'),
(3, 'РПС', 1, 'РПС', '2022-05-15 13:22:08', '2022-05-15 13:22:08'),
(4, 'Подсумок универсальный', 1, 'Подсумок универсальный', '2022-05-15 13:22:08', '2022-05-15 13:22:08'),
(5, 'Подсумок для турникета', 1, 'Подсумок для турникета', '2022-05-15 13:22:38', '2022-05-15 13:22:38'),
(6, 'Подсумок 1- 2 рожка', 1, 'Подсумок 1- 2 рожка', '2022-05-15 13:22:38', '2022-05-15 13:22:38'),
(7, 'Подсумок 2 - 4 рожка', 1, 'Подсумок 2 - 4 рожка`', '2022-05-15 13:23:47', '2022-05-15 13:23:47'),
(8, 'Подсумок 3 - 6 рожков', 1, 'Подсумок 3 - 6 рожков', '2022-05-15 13:23:47', '2022-05-15 13:23:47'),
(9, 'Подсумок СВД', 1, 'Подсумок СВД', '2022-05-15 13:24:16', '2022-05-15 13:24:16'),
(10, 'Подсумок на ногу', 1, 'Подсумок на ногу', '2022-05-15 13:24:16', '2022-05-15 13:24:16'),
(11, 'Кобура', 1, 'Кобура', '2022-05-15 13:24:52', '2022-05-15 13:24:52'),
(12, 'MOLLE на ногу', 1, 'MOLLE на ногу', '2022-05-15 13:24:52', '2022-05-15 13:24:52'),
(13, 'Сумка для сброса на липучке', 1, 'Сумка для сброса на липучке', '2022-05-15 13:25:14', '2022-05-15 13:25:14'),
(14, 'Сумка для сброса в подсумке', 1, 'Сумка для сброса в подсумке', '2022-05-15 13:25:14', '2022-05-15 13:25:14'),
(15, 'Аптечка', 1, 'Аптечка', '2022-05-15 13:25:40', '2022-05-15 13:25:40'),
(16, 'Аптечка на липучке', 1, 'Аптечка на липучке', '2022-05-15 13:25:40', '2022-05-15 13:25:40'),
(17, 'Подсумок для гранаты', 1, 'Подсумок для гранаты', '2022-05-15 13:26:02', '2022-05-15 13:26:02'),
(18, 'Плитоноска', 1, 'Плитоноска', '2022-05-15 13:26:02', '2022-05-15 13:26:02'),
(19, 'Чехол РПГ', 1, 'Чехол РПГ', '2022-05-15 13:26:29', '2022-05-15 13:26:29'),
(20, 'Подсумок для рожков с клапаном', 1, 'Подсумок для рожков с клапаном', '2022-05-15 13:26:29', '2022-05-15 13:26:29');

-- --------------------------------------------------------

--
-- Структура таблиці `helper_workers`
--

CREATE TABLE `helper_workers` (
  `id` int(3) UNSIGNED ZEROFILL NOT NULL,
  `name` varchar(255) NOT NULL,
  `phone` varchar(14) NOT NULL,
  `function` varchar(255) NOT NULL,
  `notes` text NOT NULL
) ENGINE=InnoDB DEFAULT CHARSET=utf8 COMMENT='справочник "Работники"';

--
-- Дамп даних таблиці `helper_workers`
--

INSERT INTO `helper_workers` (`id`, `name`, `phone`, `function`, `notes`) VALUES
(001, 'Чирва Екатерина', '0673005529', 'директор', 'Пани дирехтор'),
(002, 'Родина Ирина', '0675245252', 'швея', ''),
(003, 'Касаткина Оксана', '0956770035', 'швея', ''),
(004, 'Коваль Андрей', '0685193426', 'закройщик', ''),
(005, 'Кравченко Татьяна', '0992735666', 'швея', ''),
(006, 'Куценко Оксана', '0975682030', 'закройщик', ''),
(007, 'Зубко Виктория', '0967873693', 'закройщик', ''),
(008, 'Зубко Елена', '0968230715', 'закройщик', ''),
(009, 'Юнге Анна', '0972930530', 'швея', ''),
(010, 'Воронова Людмила', '0636015435', 'швея', ''),
(011, 'Шарма Анастасия', '0995895652', 'помощник', ''),
(012, 'Шпонька Татьяна', '0956213499', 'швея', ''),
(013, 'Левченко Оксана', '0952253148', 'швея', ''),
(014, 'Петухова Анжела', '0985818996', 'швея', ''),
(015, 'Оселедько Елена', '0669884766', 'швея', ''),
(016, 'Фурсова Оксана', '0673850752', 'швея', 'болтушка'),
(017, 'Хорольская София', '0991990239', 'помощник', 'доця'),
(018, 'Хорольская Арина', '0508312024', 'помощник', 'доця'),
(019, 'Любовь Марусенко', '0634175981', 'швея', ' ');

-- --------------------------------------------------------

--
-- Структура таблиці `operations`
--

CREATE TABLE `operations` (
  `id` int(11) NOT NULL,
  `worker` int(11) NOT NULL,
  `operation` int(11) NOT NULL,
  `quantity` int(11) NOT NULL,
  `price` int(11) NOT NULL DEFAULT '0',
  `paid` tinyint(1) NOT NULL DEFAULT '0',
  `operation_date` date NOT NULL,
  `created` timestamp NOT NULL DEFAULT CURRENT_TIMESTAMP,
  `modified` timestamp NOT NULL DEFAULT '0000-00-00 00:00:00' ON UPDATE CURRENT_TIMESTAMP,
  `user` int(11) NOT NULL,
  `comment` text NOT NULL
) ENGINE=InnoDB DEFAULT CHARSET=utf8;

--
-- Дамп даних таблиці `operations`
--

INSERT INTO `operations` (`id`, `worker`, `operation`, `quantity`, `price`, `paid`, `operation_date`, `created`, `modified`, `user`, `comment`) VALUES
(31, 14, 19, 5, 6000, 0, '2022-04-04', '2022-04-04 18:44:30', '2022-05-02 21:02:18', 1, ''),
(32, 6, 19, 3, 6500, 0, '2022-04-04', '2022-04-04 18:54:01', '0000-00-00 00:00:00', 1, ''),
(33, 12, 9, 64, 800, 0, '2022-04-04', '2022-04-04 19:59:18', '0000-00-00 00:00:00', 1, ''),
(34, 12, 10, 15, 400, 0, '2022-04-04', '2022-04-04 19:59:53', '0000-00-00 00:00:00', 1, ''),
(35, 6, 4, 31, 300, 0, '2022-04-04', '2022-04-04 20:26:13', '0000-00-00 00:00:00', 1, ''),
(36, 6, 5, 31, 400, 0, '2022-04-04', '2022-04-04 20:27:03', '0000-00-00 00:00:00', 1, ''),
(37, 9, 1, 30, 450, 0, '2022-04-04', '2022-04-04 20:32:23', '0000-00-00 00:00:00', 1, ''),
(38, 8, 21, 51, 292, 0, '2022-04-04', '2022-04-04 20:51:41', '0000-00-00 00:00:00', 1, ''),
(39, 9, 2, 20, 450, 0, '2022-04-04', '2022-04-04 20:52:28', '0000-00-00 00:00:00', 1, ''),
(40, 9, 11, 17, 400, 0, '2022-04-04', '2022-04-04 20:53:16', '0000-00-00 00:00:00', 1, ''),
(41, 3, 21, 126, 292, 0, '2022-04-05', '2022-04-05 19:16:14', '0000-00-00 00:00:00', 1, ''),
(42, 5, 19, 5, 6500, 0, '2022-04-05', '2022-04-05 19:16:56', '0000-00-00 00:00:00', 1, ''),
(43, 6, 19, 5, 6500, 0, '2022-04-05', '2022-04-05 19:17:49', '0000-00-00 00:00:00', 1, ''),
(44, 10, 19, 8, 6500, 0, '2022-04-05', '2022-04-05 19:20:20', '0000-00-00 00:00:00', 1, ''),
(45, 9, 2, 10, 450, 0, '2022-04-05', '2022-04-05 19:23:22', '0000-00-00 00:00:00', 1, ''),
(46, 9, 17, 20, 1000, 0, '2022-04-05', '2022-04-05 19:23:37', '0000-00-00 00:00:00', 1, ''),
(47, 15, 3, 10, 2200, 0, '2022-04-05', '2022-04-05 19:28:26', '0000-00-00 00:00:00', 1, ''),
(48, 15, 4, 40, 300, 0, '2022-04-05', '2022-04-05 19:28:47', '0000-00-00 00:00:00', 1, ''),
(49, 15, 5, 20, 400, 0, '2022-04-05', '2022-04-05 19:29:09', '0000-00-00 00:00:00', 1, ''),
(50, 15, 6, 20, 400, 0, '2022-04-05', '2022-04-05 19:29:34', '0000-00-00 00:00:00', 1, ''),
(51, 15, 8, 20, 800, 0, '2022-04-05', '2022-04-05 19:29:45', '0000-00-00 00:00:00', 1, ''),
(52, 15, 7, 10, 2000, 0, '2022-04-05', '2022-04-05 19:30:33', '0000-00-00 00:00:00', 1, ''),
(55, 10, 19, 10, 6000, 0, '2022-04-06', '2022-04-12 18:52:35', '0000-00-00 00:00:00', 1, ''),
(56, 10, 23, 2, 7000, 0, '2022-04-08', '2022-04-12 18:53:38', '0000-00-00 00:00:00', 1, ''),
(57, 10, 24, 2, 9500, 0, '2022-04-09', '2022-04-12 18:54:05', '0000-00-00 00:00:00', 1, ''),
(58, 10, 23, 2, 7000, 0, '2022-04-11', '2022-04-12 18:54:53', '0000-00-00 00:00:00', 1, ''),
(59, 10, 24, 2, 9500, 0, '2022-04-11', '2022-04-12 18:55:08', '0000-00-00 00:00:00', 1, ''),
(60, 10, 17, 20, 900, 0, '2022-04-12', '2022-04-12 18:56:43', '0000-00-00 00:00:00', 1, ''),
(61, 10, 3, 20, 2000, 0, '2022-04-12', '2022-04-12 18:57:10', '0000-00-00 00:00:00', 1, ''),
(62, 3, 21, 45, 292, 0, '2022-04-05', '2022-04-12 19:04:17', '0000-00-00 00:00:00', 1, ''),
(63, 3, 21, 98, 292, 0, '2022-04-06', '2022-04-12 19:05:05', '0000-00-00 00:00:00', 1, ''),
(64, 3, 21, 70, 292, 0, '2022-04-08', '2022-04-12 19:05:55', '0000-00-00 00:00:00', 1, ''),
(65, 3, 21, 12, 292, 0, '2022-04-11', '2022-04-12 19:07:05', '0000-00-00 00:00:00', 1, ''),
(69, 14, 17, 40, 900, 0, '2022-04-04', '2022-04-12 19:20:43', '0000-00-00 00:00:00', 1, ''),
(70, 10, 18, 25, 900, 0, '2022-04-04', '2022-04-12 19:22:45', '0000-00-00 00:00:00', 1, ''),
(72, 8, 33, 85, 40, 0, '2022-04-12', '2022-04-12 19:46:12', '0000-00-00 00:00:00', 1, ''),
(73, 8, 37, 142, 45, 0, '2022-04-12', '2022-04-12 19:46:31', '0000-00-00 00:00:00', 1, ''),
(74, 1, 23, 3, 7000, 0, '2022-04-12', '2022-04-13 18:07:41', '0000-00-00 00:00:00', 1, ''),
(76, 1, 25, 7, 3500, 0, '2022-04-12', '2022-04-13 18:09:00', '0000-00-00 00:00:00', 1, ''),
(77, 1, 24, 3, 9500, 0, '2022-04-12', '2022-04-13 18:10:00', '0000-00-00 00:00:00', 1, ''),
(78, 1, 20, 2, 3500, 0, '2022-04-13', '2022-04-13 18:10:39', '0000-00-00 00:00:00', 1, ''),
(79, 10, 7, 20, 2000, 0, '2022-04-13', '2022-04-13 18:15:11', '0000-00-00 00:00:00', 1, ''),
(80, 10, 23, 1, 7000, 0, '2022-04-13', '2022-04-13 18:15:25', '0000-00-00 00:00:00', 1, ''),
(81, 10, 24, 1, 9500, 0, '2022-04-13', '2022-04-13 18:15:40', '0000-00-00 00:00:00', 1, ''),
(82, 15, 5, 20, 400, 0, '2022-04-06', '2022-04-13 18:20:12', '0000-00-00 00:00:00', 1, ''),
(83, 15, 6, 20, 400, 0, '2022-04-06', '2022-04-13 18:20:41', '0000-00-00 00:00:00', 1, ''),
(84, 15, 8, 20, 800, 0, '2022-04-06', '2022-04-13 18:21:30', '0000-00-00 00:00:00', 1, ''),
(85, 15, 7, 25, 2000, 0, '2022-04-06', '2022-04-13 18:22:13', '0000-00-00 00:00:00', 1, ''),
(86, 15, 3, 10, 2000, 0, '2022-04-06', '2022-04-13 18:22:42', '0000-00-00 00:00:00', 1, ''),
(87, 15, 2, 20, 450, 0, '2022-04-07', '2022-04-13 18:23:26', '0000-00-00 00:00:00', 1, ''),
(88, 15, 3, 20, 2000, 0, '2022-04-07', '2022-04-13 18:23:45', '0000-00-00 00:00:00', 1, ''),
(89, 15, 7, 20, 2000, 0, '2022-04-07', '2022-04-13 18:24:07', '0000-00-00 00:00:00', 1, ''),
(90, 15, 1, 20, 450, 0, '2022-04-07', '2022-04-13 18:24:19', '2022-04-13 18:28:36', 1, ''),
(91, 15, 19, 10, 6000, 0, '2022-04-08', '2022-04-13 18:25:09', '0000-00-00 00:00:00', 1, ''),
(92, 15, 19, 12, 6000, 0, '2022-04-09', '2022-04-13 18:29:19', '0000-00-00 00:00:00', 1, ''),
(93, 15, 1, 30, 450, 0, '2022-04-12', '2022-04-13 18:29:45', '0000-00-00 00:00:00', 1, ''),
(94, 15, 2, 30, 450, 0, '2022-04-12', '2022-04-13 18:30:04', '0000-00-00 00:00:00', 1, ''),
(95, 15, 3, 10, 2000, 0, '2022-04-12', '2022-04-13 18:31:16', '0000-00-00 00:00:00', 1, ''),
(96, 15, 7, 10, 2000, 0, '2022-04-12', '2022-04-13 18:31:36', '0000-00-00 00:00:00', 1, ''),
(97, 15, 19, 5, 6000, 0, '2022-04-12', '2022-04-13 18:31:55', '0000-00-00 00:00:00', 1, ''),
(98, 15, 16, 30, 800, 0, '2022-04-13', '2022-04-13 18:32:56', '0000-00-00 00:00:00', 1, ''),
(99, 15, 15, 30, 800, 0, '2022-04-13', '2022-04-13 18:33:03', '0000-00-00 00:00:00', 1, ''),
(100, 15, 4, 30, 300, 0, '2022-04-13', '2022-04-13 18:33:19', '0000-00-00 00:00:00', 1, ''),
(101, 15, 5, 30, 400, 0, '2022-04-13', '2022-04-13 18:33:30', '0000-00-00 00:00:00', 1, ''),
(102, 15, 6, 30, 400, 0, '2022-04-13', '2022-04-13 18:33:40', '0000-00-00 00:00:00', 1, ''),
(103, 15, 8, 30, 800, 0, '2022-04-13', '2022-04-13 18:33:52', '0000-00-00 00:00:00', 1, ''),
(104, 12, 4, 10, 300, 0, '2022-04-05', '2022-04-13 18:37:24', '0000-00-00 00:00:00', 1, ''),
(105, 12, 6, 10, 400, 0, '2022-04-05', '2022-04-13 18:37:37', '0000-00-00 00:00:00', 1, ''),
(106, 12, 8, 10, 800, 0, '2022-04-05', '2022-04-13 18:37:57', '0000-00-00 00:00:00', 1, ''),
(107, 12, 19, 7, 6000, 0, '2022-04-06', '2022-04-13 18:38:26', '0000-00-00 00:00:00', 1, ''),
(108, 12, 3, 20, 2000, 0, '2022-04-06', '2022-04-13 18:39:26', '2022-04-13 18:40:28', 1, ''),
(109, 12, 9, 24, 800, 0, '2022-04-06', '2022-04-13 18:39:46', '2022-04-13 18:40:34', 1, ''),
(110, 12, 9, 60, 800, 0, '2022-04-07', '2022-04-13 18:41:07', '0000-00-00 00:00:00', 1, ''),
(111, 12, 9, 4, 800, 0, '2022-04-08', '2022-04-13 18:42:34', '0000-00-00 00:00:00', 1, ''),
(112, 12, 23, 1, 7000, 0, '2022-04-08', '2022-04-13 18:43:15', '0000-00-00 00:00:00', 1, ''),
(113, 12, 24, 1, 9500, 0, '2022-04-08', '2022-04-13 18:43:33', '0000-00-00 00:00:00', 1, ''),
(114, 12, 23, 1, 7000, 0, '2022-04-09', '2022-04-13 18:44:29', '0000-00-00 00:00:00', 1, ''),
(115, 12, 24, 1, 9500, 0, '2022-04-09', '2022-04-13 18:44:42', '0000-00-00 00:00:00', 1, ''),
(116, 12, 23, 1, 7000, 0, '2022-04-11', '2022-04-13 18:45:28', '0000-00-00 00:00:00', 1, ''),
(117, 12, 24, 1, 9500, 0, '2022-04-11', '2022-04-13 18:45:48', '0000-00-00 00:00:00', 1, ''),
(118, 12, 19, 2, 6000, 0, '2022-04-11', '2022-04-13 18:46:09', '0000-00-00 00:00:00', 1, ''),
(119, 12, 2, 10, 450, 0, '2022-04-11', '2022-04-13 18:46:26', '0000-00-00 00:00:00', 1, ''),
(120, 12, 32, 2, 2000, 0, '2022-04-11', '2022-04-13 18:47:02', '0000-00-00 00:00:00', 1, ''),
(121, 12, 3, 10, 2000, 0, '2022-04-12', '2022-04-13 18:48:00', '0000-00-00 00:00:00', 1, ''),
(122, 12, 7, 10, 2000, 0, '2022-04-12', '2022-04-13 18:48:16', '0000-00-00 00:00:00', 1, ''),
(123, 12, 2, 10, 450, 0, '2022-04-13', '2022-04-13 18:49:26', '0000-00-00 00:00:00', 1, ''),
(124, 12, 3, 10, 2000, 0, '2022-04-13', '2022-04-13 18:49:36', '0000-00-00 00:00:00', 1, ''),
(125, 12, 7, 10, 2000, 0, '2022-04-13', '2022-04-13 18:49:46', '0000-00-00 00:00:00', 1, ''),
(126, 12, 19, 2, 6000, 0, '2022-04-13', '2022-04-13 18:50:05', '0000-00-00 00:00:00', 1, ''),
(127, 3, 21, 57, 292, 0, '2022-04-13', '2022-04-13 18:51:04', '0000-00-00 00:00:00', 1, ''),
(128, 5, 19, 5, 6000, 0, '2022-04-06', '2022-04-13 18:52:02', '0000-00-00 00:00:00', 1, ''),
(129, 5, 11, 17, 400, 0, '2022-04-06', '2022-04-13 18:52:31', '0000-00-00 00:00:00', 1, ''),
(130, 5, 10, 11, 400, 0, '2022-04-06', '2022-04-13 18:52:53', '0000-00-00 00:00:00', 1, ''),
(131, 5, 10, 30, 400, 0, '2022-04-07', '2022-04-13 18:53:21', '0000-00-00 00:00:00', 1, ''),
(132, 5, 11, 40, 400, 0, '2022-04-07', '2022-04-13 18:53:45', '0000-00-00 00:00:00', 1, ''),
(133, 5, 14, 40, 350, 0, '2022-04-07', '2022-04-13 18:54:10', '0000-00-00 00:00:00', 1, ''),
(134, 5, 23, 1, 7000, 0, '2022-04-08', '2022-04-13 18:54:40', '0000-00-00 00:00:00', 1, ''),
(135, 5, 24, 1, 9500, 0, '2022-04-08', '2022-04-13 18:54:55', '0000-00-00 00:00:00', 1, ''),
(136, 5, 23, 1, 7000, 0, '2022-04-09', '2022-04-13 18:55:07', '0000-00-00 00:00:00', 1, ''),
(137, 5, 24, 1, 9500, 0, '2022-04-09', '2022-04-13 18:55:27', '0000-00-00 00:00:00', 1, ''),
(138, 5, 23, 1, 7000, 0, '2022-04-12', '2022-04-13 18:55:56', '0000-00-00 00:00:00', 1, ''),
(139, 5, 24, 1, 9500, 0, '2022-04-12', '2022-04-13 18:56:13', '0000-00-00 00:00:00', 1, ''),
(140, 6, 6, 61, 400, 0, '2022-04-07', '2022-04-13 18:57:04', '0000-00-00 00:00:00', 1, ''),
(141, 6, 8, 8, 800, 0, '2022-04-07', '2022-04-13 18:57:21', '0000-00-00 00:00:00', 1, ''),
(142, 6, 8, 53, 800, 0, '2022-04-09', '2022-04-13 18:58:12', '2022-04-13 18:58:54', 1, ''),
(143, 6, 14, 10, 350, 0, '2022-04-10', '2022-04-13 18:58:54', '0000-00-00 00:00:00', 1, ''),
(144, 6, 9, 9, 800, 0, '2022-04-11', '2022-04-13 18:59:58', '0000-00-00 00:00:00', 1, ''),
(145, 6, 9, 42, 800, 0, '2022-04-12', '2022-04-13 19:00:35', '0000-00-00 00:00:00', 1, ''),
(146, 9, 17, 10, 900, 0, '2022-04-06', '2022-04-13 19:03:54', '0000-00-00 00:00:00', 1, ''),
(147, 9, 18, 20, 900, 0, '2022-04-06', '2022-04-13 19:04:13', '0000-00-00 00:00:00', 1, ''),
(148, 9, 4, 30, 300, 0, '2022-04-06', '2022-04-13 19:04:39', '0000-00-00 00:00:00', 1, ''),
(149, 9, 11, 47, 400, 0, '2022-04-08', '2022-04-13 19:06:28', '0000-00-00 00:00:00', 1, ''),
(150, 9, 10, 47, 400, 0, '2022-04-08', '2022-04-13 19:06:49', '0000-00-00 00:00:00', 1, ''),
(151, 9, 14, 11, 350, 0, '2022-04-08', '2022-04-13 19:07:09', '0000-00-00 00:00:00', 1, ''),
(152, 9, 10, 16, 400, 0, '2022-04-11', '2022-04-13 19:07:56', '0000-00-00 00:00:00', 1, ''),
(153, 9, 11, 31, 400, 0, '2022-04-11', '2022-04-13 19:08:14', '0000-00-00 00:00:00', 1, ''),
(154, 14, 19, 5, 6000, 0, '2022-04-05', '2022-04-13 19:09:19', '0000-00-00 00:00:00', 1, ''),
(155, 14, 18, 30, 900, 0, '2022-04-05', '2022-04-13 19:09:42', '0000-00-00 00:00:00', 1, ''),
(156, 14, 17, 15, 900, 0, '2022-04-05', '2022-04-13 19:10:11', '0000-00-00 00:00:00', 1, ''),
(157, 14, 19, 6, 6000, 0, '2022-04-06', '2022-04-13 19:10:46', '0000-00-00 00:00:00', 1, ''),
(158, 14, 18, 10, 900, 0, '2022-04-06', '2022-04-13 19:11:10', '0000-00-00 00:00:00', 1, ''),
(159, 14, 17, 27, 900, 0, '2022-04-06', '2022-04-13 19:11:45', '0000-00-00 00:00:00', 1, ''),
(160, 14, 19, 10, 6000, 0, '2022-04-07', '2022-04-13 19:12:10', '0000-00-00 00:00:00', 1, ''),
(161, 14, 17, 9, 900, 0, '2022-04-07', '2022-04-13 19:12:30', '0000-00-00 00:00:00', 1, ''),
(162, 16, 1, 30, 450, 0, '2022-04-08', '2022-04-13 19:19:46', '0000-00-00 00:00:00', 1, ''),
(163, 16, 15, 46, 800, 0, '2022-04-08', '2022-04-13 19:21:20', '0000-00-00 00:00:00', 1, ''),
(164, 16, 16, 44, 800, 0, '2022-04-08', '2022-04-13 19:22:05', '0000-00-00 00:00:00', 1, ''),
(165, 16, 19, 7, 6000, 0, '2022-04-09', '2022-04-13 19:22:28', '0000-00-00 00:00:00', 1, ''),
(166, 16, 19, 6, 6000, 0, '2022-04-11', '2022-04-13 19:22:53', '0000-00-00 00:00:00', 1, ''),
(167, 16, 7, 10, 2000, 0, '2022-04-12', '2022-04-13 19:24:01', '0000-00-00 00:00:00', 1, ''),
(168, 16, 19, 10, 6000, 0, '2022-04-12', '2022-04-13 19:24:28', '0000-00-00 00:00:00', 1, ''),
(169, 14, 38, 1, 0, 0, '2022-04-14', '2022-04-14 18:00:42', '0000-00-00 00:00:00', 1, ''),
(170, 2, 38, 1, 0, 0, '2022-04-14', '2022-04-14 18:01:13', '0000-00-00 00:00:00', 1, ''),
(171, 4, 38, 1, 0, 0, '2022-04-14', '2022-04-14 18:01:32', '0000-00-00 00:00:00', 1, ''),
(172, 10, 23, 1, 7000, 0, '2022-04-14', '2022-04-14 18:04:49', '0000-00-00 00:00:00', 1, ''),
(173, 10, 24, 1, 9500, 0, '2022-04-14', '2022-04-14 18:04:59', '0000-00-00 00:00:00', 1, ''),
(175, 5, 2, 30, 450, 0, '2022-04-14', '2022-04-14 18:06:37', '0000-00-00 00:00:00', 1, ''),
(176, 5, 19, 5, 6000, 0, '2022-04-14', '2022-04-14 18:07:27', '0000-00-00 00:00:00', 1, ''),
(177, 12, 19, 8, 6000, 0, '2022-04-14', '2022-04-14 18:10:44', '0000-00-00 00:00:00', 1, ''),
(179, 15, 19, 13, 6000, 0, '2022-04-14', '2022-04-14 18:15:17', '0000-00-00 00:00:00', 1, ''),
(180, 9, 19, 2, 6000, 0, '2022-04-12', '2022-04-14 18:18:44', '0000-00-00 00:00:00', 1, ''),
(184, 14, 18, 27, 900, 0, '2022-04-13', '2022-04-14 18:26:36', '0000-00-00 00:00:00', 1, ''),
(185, 14, 17, 11, 900, 0, '2022-04-13', '2022-04-14 18:26:53', '0000-00-00 00:00:00', 1, ''),
(186, 14, 23, 1, 7000, 0, '2022-04-13', '2022-04-14 18:27:15', '0000-00-00 00:00:00', 1, ''),
(187, 14, 24, 1, 9500, 0, '2022-04-13', '2022-04-14 18:27:39', '0000-00-00 00:00:00', 1, ''),
(188, 6, 9, 61, 800, 0, '2022-04-13', '2022-04-14 18:29:02', '0000-00-00 00:00:00', 1, ''),
(189, 6, 14, 12, 350, 0, '2022-04-13', '2022-04-14 18:29:51', '0000-00-00 00:00:00', 1, ''),
(190, 6, 38, 1, 0, 0, '2022-04-15', '2022-04-15 19:35:41', '0000-00-00 00:00:00', 1, ''),
(191, 14, 38, 1, 0, 0, '2022-04-15', '2022-04-15 19:36:04', '0000-00-00 00:00:00', 1, ''),
(192, 9, 2, 3, 450, 0, '2022-04-11', '2022-04-15 19:43:48', '0000-00-00 00:00:00', 1, ''),
(193, 9, 3, 3, 2000, 0, '2022-04-11', '2022-04-15 19:44:22', '0000-00-00 00:00:00', 1, ''),
(194, 9, 7, 3, 2000, 0, '2022-04-11', '2022-04-15 19:45:01', '0000-00-00 00:00:00', 1, ''),
(195, 9, 1, 30, 450, 0, '2022-04-13', '2022-04-15 19:49:11', '0000-00-00 00:00:00', 1, ''),
(196, 9, 19, 1, 6000, 0, '2022-04-14', '2022-04-15 19:51:03', '0000-00-00 00:00:00', 1, ''),
(197, 9, 3, 2, 2000, 0, '2022-04-15', '2022-04-15 19:51:38', '0000-00-00 00:00:00', 1, ''),
(198, 9, 7, 2, 2000, 0, '2022-04-15', '2022-04-15 19:51:58', '0000-00-00 00:00:00', 1, ''),
(199, 9, 14, 12, 350, 0, '2022-04-15', '2022-04-15 19:52:28', '0000-00-00 00:00:00', 1, ''),
(200, 10, 23, 1, 7000, 0, '2022-04-15', '2022-04-15 19:54:10', '0000-00-00 00:00:00', 1, ''),
(201, 10, 24, 1, 9500, 0, '2022-04-15', '2022-04-15 19:54:21', '0000-00-00 00:00:00', 1, ''),
(202, 10, 1, 10, 450, 0, '2022-04-15', '2022-04-15 19:54:55', '0000-00-00 00:00:00', 1, ''),
(203, 10, 19, 1, 6000, 0, '2022-04-15', '2022-04-15 19:55:17', '0000-00-00 00:00:00', 1, ''),
(204, 10, 38, 1, 0, 0, '2022-04-17', '2022-04-18 19:42:28', '0000-00-00 00:00:00', 1, ''),
(205, 10, 38, 1, 0, 0, '2022-04-18', '2022-04-18 19:42:43', '0000-00-00 00:00:00', 1, ''),
(206, 7, 22, 21, 400, 0, '2022-04-18', '2022-04-18 19:46:04', '0000-00-00 00:00:00', 1, ''),
(207, 7, 22, 21, 400, 0, '2022-04-18', '2022-04-18 19:46:25', '0000-00-00 00:00:00', 1, ''),
(208, 5, 1, 33, 450, 0, '2022-04-15', '2022-04-18 19:50:28', '0000-00-00 00:00:00', 1, ''),
(209, 9, 3, 10, 2000, 0, '2022-04-16', '2022-04-18 19:55:12', '0000-00-00 00:00:00', 1, ''),
(210, 9, 3, 20, 2000, 0, '2022-04-18', '2022-04-18 19:55:31', '0000-00-00 00:00:00', 1, ''),
(211, 6, 19, 7, 6000, 0, '2022-04-16', '2022-04-18 19:56:54', '0000-00-00 00:00:00', 1, ''),
(212, 6, 9, 10, 800, 0, '2022-04-16', '2022-04-18 19:57:18', '0000-00-00 00:00:00', 1, ''),
(213, 6, 14, 19, 350, 0, '2022-04-18', '2022-04-18 19:57:50', '0000-00-00 00:00:00', 1, ''),
(214, 6, 9, 36, 800, 0, '2022-04-18', '2022-04-18 19:58:18', '0000-00-00 00:00:00', 1, ''),
(215, 19, 2, 20, 450, 0, '2022-04-13', '2022-04-18 20:01:04', '0000-00-00 00:00:00', 1, ''),
(216, 19, 3, 20, 2000, 0, '2022-04-13', '2022-04-18 20:01:36', '0000-00-00 00:00:00', 1, ''),
(218, 19, 7, 20, 2000, 0, '2022-04-13', '2022-04-18 20:03:19', '0000-00-00 00:00:00', 1, ''),
(219, 19, 2, 10, 450, 0, '2022-04-14', '2022-04-18 20:04:20', '0000-00-00 00:00:00', 1, ''),
(220, 19, 3, 10, 2000, 0, '2022-04-14', '2022-04-18 20:04:50', '0000-00-00 00:00:00', 1, ''),
(221, 19, 7, 10, 2000, 0, '2022-04-14', '2022-04-18 20:05:23', '0000-00-00 00:00:00', 1, ''),
(222, 19, 4, 30, 300, 0, '2022-04-14', '2022-04-18 20:06:27', '0000-00-00 00:00:00', 1, ''),
(223, 19, 5, 30, 400, 0, '2022-04-14', '2022-04-18 20:07:02', '0000-00-00 00:00:00', 1, ''),
(224, 19, 6, 30, 400, 0, '2022-04-14', '2022-04-18 20:07:20', '0000-00-00 00:00:00', 1, ''),
(225, 19, 8, 30, 800, 0, '2022-04-14', '2022-04-18 20:08:45', '0000-00-00 00:00:00', 1, '');

-- --------------------------------------------------------

--
-- Структура таблиці `users`
--

CREATE TABLE `users` (
  `id` int(11) NOT NULL,
  `name` varchar(255) NOT NULL,
  `login` varchar(255) NOT NULL,
  `password` varchar(255) NOT NULL,
  `created` timestamp NOT NULL DEFAULT CURRENT_TIMESTAMP,
  `modified` timestamp NOT NULL DEFAULT '0000-00-00 00:00:00' ON UPDATE CURRENT_TIMESTAMP
) ENGINE=InnoDB DEFAULT CHARSET=utf8;

--
-- Дамп даних таблиці `users`
--

INSERT INTO `users` (`id`, `name`, `login`, `password`, `created`, `modified`) VALUES
(1, 'Чирва Екатерина', '4kids.dp.ua@gmail.com', '0b1893a941dc727cde974b74c40b9cc3', '2022-04-03 14:13:56', '2022-04-04 01:35:43'),
(2, 'Хорольский Виталий', 'informer.dp@gmail.com', '0b1893a941dc727cde974b74c40b9cc3', '2022-04-04 11:55:55', '2022-04-04 11:56:48');

--
-- Індекси збережених таблиць
--

--
-- Індекси таблиці `helper_operations`
--
ALTER TABLE `helper_operations`
  ADD PRIMARY KEY (`id`);

--
-- Індекси таблиці `helper_products`
--
ALTER TABLE `helper_products`
  ADD PRIMARY KEY (`id`);

--
-- Індекси таблиці `helper_workers`
--
ALTER TABLE `helper_workers`
  ADD PRIMARY KEY (`id`);

--
-- Індекси таблиці `operations`
--
ALTER TABLE `operations`
  ADD PRIMARY KEY (`id`);

--
-- Індекси таблиці `users`
--
ALTER TABLE `users`
  ADD PRIMARY KEY (`id`);

--
-- AUTO_INCREMENT для збережених таблиць
--

--
-- AUTO_INCREMENT для таблиці `helper_operations`
--
ALTER TABLE `helper_operations`
  MODIFY `id` int(3) NOT NULL AUTO_INCREMENT, AUTO_INCREMENT=49;

--
-- AUTO_INCREMENT для таблиці `helper_products`
--
ALTER TABLE `helper_products`
  MODIFY `id` int(7) NOT NULL AUTO_INCREMENT, AUTO_INCREMENT=21;

--
-- AUTO_INCREMENT для таблиці `helper_workers`
--
ALTER TABLE `helper_workers`
  MODIFY `id` int(3) UNSIGNED ZEROFILL NOT NULL AUTO_INCREMENT, AUTO_INCREMENT=20;

--
-- AUTO_INCREMENT для таблиці `operations`
--
ALTER TABLE `operations`
  MODIFY `id` int(11) NOT NULL AUTO_INCREMENT, AUTO_INCREMENT=226;

--
-- AUTO_INCREMENT для таблиці `users`
--
ALTER TABLE `users`
  MODIFY `id` int(11) NOT NULL AUTO_INCREMENT, AUTO_INCREMENT=3;
COMMIT;

/*!40101 SET CHARACTER_SET_CLIENT=@OLD_CHARACTER_SET_CLIENT */;
/*!40101 SET CHARACTER_SET_RESULTS=@OLD_CHARACTER_SET_RESULTS */;
/*!40101 SET COLLATION_CONNECTION=@OLD_COLLATION_CONNECTION */;
